city,AQI,cover,population,A*C*P,bili,jianlinmianji(wanmu)
gansu,104.019,45.43,225,1063256.213,5.607568793,628.0477048
qinghai,104.018,72.12,448,3360796.616,17.72470077,1985.166486
shanxi,104.026,20.56,3316,7092176.441,37.40384189,4189.230291
shanxi,103.932,15.63,2899,4709301.307,24.8366581,2781.705708
ningxia,104.015,6.64,47,32461.0012,0.171197963,19.1741718
hebei,103.920 ,18.77,6159,12013612.37,63.35928909,7096.240378
liaoning,103.924,14.59,3967,6014968.352,31.72269148,3552.941446
shandong,103.951,15.38,8493,13578322.87,71.61150682,8020.488764
henan,103.967,16.70 ,8649,15016816.74,79.19806332,8870.183092
neimenggu,103.903,118.30 ,2163,26587000.96,140.2187309,15704.49786
beijing,103.926,1.68,1086,189610.9085,,
